matchId,replaced_player,original_win_rate,new_win_rate,impact_win_rate
EUW1_6823354383,Billy Bongo#EUW,66.66666666666666,44.36976112238759,-22.296905544279078
EUW1_6823354383,BuddhaGoesSmite#EUW,66.66666666666666,44.24155045974999,-22.425116206916673
EUW1_6823354383,WT Final Stand#EUW,66.66666666666666,44.612938039172,-22.053728627494664
EUW1_6823354383,WT GigaChad#1070,66.66666666666666,44.35406029452575,-22.312606372140912
EUW1_6886027973,Billy Bongo#EUW,0.0,42.10700124812953,42.10700124812953
EUW1_6886027973,BuddhaGoesSmite#EUW,0.0,41.97879058549193,41.97879058549193
EUW1_6886027973,Sporus#EUW,0.0,43.78186194953891,43.78186194953891
EUW1_6886027973,WT Nasty Boy#EUW,0.0,42.92237650990079,42.92237650990079
EUW1_6886128304,Billy Bongo#EUW,50.0,43.53868503275449,-6.4613149672455075
EUW1_6886128304,BuddhaGoesSmite#EUW,50.0,43.41047437011689,-6.589525629883114
EUW1_6886128304,WT Final Stand#EUW,50.0,43.78186194953891,-6.218138050461092
EUW1_6886128304,WT Nasty Boy#EUW,50.0,44.35406029452575,-5.645939705474251
EUW1_6891963768,Billy Bongo#EUW,50.0,43.53868503275449,-6.4613149672455075
EUW1_6891963768,BuddhaGoesSmite#EUW,50.0,43.41047437011689,-6.589525629883114
EUW1_6891963768,WT Final Stand#EUW,50.0,43.78186194953891,-6.218138050461092
EUW1_6891963768,WT Nasty Boy#EUW,50.0,44.35406029452575,-5.645939705474251
EUW1_6894653848,BuddhaGoesSmite#EUW,28.57142857142857,43.581103186547146,15.009674615118579
EUW1_6894653848,Tibbtokontop#EUW,28.57142857142857,44.36976112238759,15.798332550959016
EUW1_6894653848,WT Final Stand#EUW,28.57142857142857,43.95249076596915,15.381062194540585
EUW1_6894653848,WT GigaChad#1070,28.57142857142857,43.69361302132291,15.122184449894343
EUW1_6913543811,Billy Bongo#EUW,50.0,45.08873677433341,-4.91126322566659
EUW1_6913543811,Tibbtokontop#EUW,50.0,0.0,-50.0
EUW1_6913543811,WT Final Stand#EUW,50.0,45.33191369111781,-4.668086308882185
EUW1_6913543811,WT GigaChad#1070,50.0,46.15384615384615,-3.8461538461538436
EUW1_6913543811,WT Nasty Boy#EUW,50.0,44.44444444444444,-5.555555555555558
EUW1_6913588856,Billy Bongo#EUW,50.0,45.08873677433341,-4.91126322566659
EUW1_6913588856,Tibbtokontop#EUW,50.0,0.0,-50.0
EUW1_6913588856,WT Final Stand#EUW,50.0,45.33191369111781,-4.668086308882185
EUW1_6913588856,WT GigaChad#1070,50.0,46.15384615384615,-3.8461538461538436
EUW1_6913588856,WT Nasty Boy#EUW,50.0,44.44444444444444,-5.555555555555558
EUW1_6920395902,Billy Bongo#EUW,76.92307692307693,45.87739471017384,-31.045682212903085
EUW1_6920395902,BuddhaGoesSmite#EUW,76.92307692307693,0.0,-76.92307692307693
EUW1_6920395902,WT Final Stand#EUW,76.92307692307693,46.12057162695826,-30.80250529611867
EUW1_6920395902,WT GigaChad#1070,76.92307692307693,50.0,-26.923076923076927
EUW1_6920395902,WT Nasty Boy#EUW,76.92307692307693,66.66666666666666,-10.256410256410264
EUW1_6920451983,Billy Bongo#EUW,50.0,28.57142857142857,-21.42857142857143
EUW1_6920451983,BuddhaGoesSmite#EUW,50.0,44.44444444444444,-5.555555555555558
EUW1_6920451983,Tibbtokontop#EUW,50.0,66.66666666666666,16.666666666666664
EUW1_6920451983,WT Final Stand#EUW,50.0,100.0,50.0
EUW1_6920451983,WT GigaChad#1070,50.0,41.66666666666667,-8.333333333333332
EUW1_6931197093,BuddhaGoesSmite#EUW,36.36363636363637,43.3981752450622,7.034538881425833
EUW1_6931197093,Sporus#EUW,36.36363636363637,0.0,-36.36363636363637
EUW1_6931197093,Tibbtokontop#EUW,36.36363636363637,44.18683318090264,7.823196817266275
EUW1_6931197093,WT Final Stand#EUW,36.36363636363637,0.0,-36.36363636363637
EUW1_6931197093,WT Nasty Boy#EUW,36.36363636363637,0.0,-36.36363636363637
EUW1_6931253284,BuddhaGoesSmite#EUW,36.36363636363637,43.3981752450622,7.034538881425833
EUW1_6931253284,Sporus#EUW,36.36363636363637,0.0,-36.36363636363637
EUW1_6931253284,Tibbtokontop#EUW,36.36363636363637,44.18683318090264,7.823196817266275
EUW1_6931253284,WT Final Stand#EUW,36.36363636363637,0.0,-36.36363636363637
EUW1_6931253284,WT Nasty Boy#EUW,36.36363636363637,0.0,-36.36363636363637
EUW1_6931327369,Billy Bongo#EUW,50.0,0.0,-50.0
EUW1_6931327369,BuddhaGoesSmite#EUW,50.0,46.15384615384615,-3.8461538461538436
EUW1_6931327369,Tibbtokontop#EUW,50.0,50.0,0.0
EUW1_6931327369,WT Final Stand#EUW,50.0,25.0,-25.0
EUW1_6931327369,WT Nasty Boy#EUW,50.0,41.66666666666667,-8.333333333333332
EUW1_6932347351,Billy Bongo#EUW,61.111111111111114,0.0,-61.111111111111114
EUW1_6932347351,BuddhaGoesSmite#EUW,61.111111111111114,0.0,-61.111111111111114
EUW1_6932347351,Sporus#EUW,61.111111111111114,41.66666666666667,-19.444444444444446
EUW1_6932347351,Tibbtokontop#EUW,61.111111111111114,66.66666666666666,5.5555555555555465
EUW1_6932347351,WT Final Stand#EUW,61.111111111111114,50.0,-11.111111111111116
EUW1_6934657626,Billy Bongo#EUW,0.0,44.600638914117305,44.600638914117305
EUW1_6934657626,BuddhaGoesSmite#EUW,0.0,100.0,100.0
EUW1_6934657626,Sporus#EUW,0.0,100.0,100.0
EUW1_6934657626,Tibbtokontop#EUW,0.0,45.261086187320146,45.261086187320146
EUW1_6934657626,WT GigaChad#1070,0.0,50.0,50.0
EUW1_6934709931,Billy Bongo#EUW,50.0,44.2292513346953,-5.770748665304703
EUW1_6934709931,Sporus#EUW,50.0,44.44444444444444,-5.555555555555558
EUW1_6934709931,Tibbtokontop#EUW,50.0,44.88969860789814,-5.110301392101863
EUW1_6934709931,WT Final Stand#EUW,50.0,100.0,50.0
EUW1_6934709931,WT GigaChad#1070,50.0,0.0,-50.0
EUW1_6934758240,Billy Bongo#EUW,50.0,44.2292513346953,-5.770748665304703
EUW1_6934758240,Sporus#EUW,50.0,44.44444444444444,-5.555555555555558
EUW1_6934758240,Tibbtokontop#EUW,50.0,44.88969860789814,-5.110301392101863
EUW1_6934758240,WT Final Stand#EUW,50.0,100.0,50.0
EUW1_6934758240,WT GigaChad#1070,50.0,0.0,-50.0
EUW1_6938992253,Billy Bongo#EUW,50.0,44.2292513346953,-5.770748665304703
EUW1_6938992253,Sporus#EUW,50.0,44.44444444444444,-5.555555555555558
EUW1_6938992253,Tibbtokontop#EUW,50.0,44.88969860789814,-5.110301392101863
EUW1_6938992253,WT Final Stand#EUW,50.0,100.0,50.0
EUW1_6938992253,WT GigaChad#1070,50.0,0.0,-50.0
EUW1_6939036975,Billy Bongo#EUW,50.0,44.2292513346953,-5.770748665304703
EUW1_6939036975,Sporus#EUW,50.0,44.44444444444444,-5.555555555555558
EUW1_6939036975,Tibbtokontop#EUW,50.0,44.88969860789814,-5.110301392101863
EUW1_6939036975,WT Final Stand#EUW,50.0,100.0,50.0
EUW1_6939036975,WT GigaChad#1070,50.0,0.0,-50.0
EUW1_6941240569,Billy Bongo#EUW,0.0,45.01790927053573,45.01790927053573
EUW1_6941240569,BuddhaGoesSmite#EUW,0.0,44.88969860789814,44.88969860789814
EUW1_6941240569,Sporus#EUW,0.0,66.66666666666666,66.66666666666666
EUW1_6941240569,WT Final Stand#EUW,0.0,45.261086187320146,45.261086187320146
EUW1_6941240569,WT GigaChad#1070,0.0,66.66666666666666,66.66666666666666
EUW1_6941294365,Billy Bongo#EUW,0.0,45.01790927053573,45.01790927053573
EUW1_6941294365,BuddhaGoesSmite#EUW,0.0,44.88969860789814,44.88969860789814
EUW1_6941294365,Sporus#EUW,0.0,66.66666666666666,66.66666666666666
EUW1_6941294365,WT Final Stand#EUW,0.0,45.261086187320146,45.261086187320146
EUW1_6941294365,WT GigaChad#1070,0.0,66.66666666666666,66.66666666666666
EUW1_6941363514,Billy Bongo#EUW,61.111111111111114,0.0,-61.111111111111114
EUW1_6941363514,BuddhaGoesSmite#EUW,61.111111111111114,0.0,-61.111111111111114
EUW1_6941363514,Sporus#EUW,61.111111111111114,41.66666666666667,-19.444444444444446
EUW1_6941363514,Tibbtokontop#EUW,61.111111111111114,66.66666666666666,5.5555555555555465
EUW1_6941363514,WT Final Stand#EUW,61.111111111111114,50.0,-11.111111111111116
EUW1_6944992018,BuddhaGoesSmite#EUW,36.36363636363637,43.3981752450622,7.034538881425833
EUW1_6944992018,Sporus#EUW,36.36363636363637,0.0,-36.36363636363637
EUW1_6944992018,Tibbtokontop#EUW,36.36363636363637,44.18683318090264,7.823196817266275
EUW1_6944992018,WT Final Stand#EUW,36.36363636363637,0.0,-36.36363636363637
EUW1_6944992018,WT Nasty Boy#EUW,36.36363636363637,0.0,-36.36363636363637
EUW1_6945072638,BuddhaGoesSmite#EUW,36.36363636363637,43.3981752450622,7.034538881425833
EUW1_6945072638,Sporus#EUW,36.36363636363637,0.0,-36.36363636363637
EUW1_6945072638,Tibbtokontop#EUW,36.36363636363637,44.18683318090264,7.823196817266275
EUW1_6945072638,WT Final Stand#EUW,36.36363636363637,0.0,-36.36363636363637
EUW1_6945072638,WT Nasty Boy#EUW,36.36363636363637,0.0,-36.36363636363637
EUW1_6947419208,Billy Bongo#EUW,76.92307692307693,45.87739471017384,-31.045682212903085
EUW1_6947419208,BuddhaGoesSmite#EUW,76.92307692307693,0.0,-76.92307692307693
EUW1_6947419208,WT Final Stand#EUW,76.92307692307693,46.12057162695826,-30.80250529611867
EUW1_6947419208,WT GigaChad#1070,76.92307692307693,50.0,-26.923076923076927
EUW1_6947419208,WT Nasty Boy#EUW,76.92307692307693,66.66666666666666,-10.256410256410264
EUW1_6947501398,Billy Bongo#EUW,76.92307692307693,45.87739471017384,-31.045682212903085
EUW1_6947501398,BuddhaGoesSmite#EUW,76.92307692307693,0.0,-76.92307692307693
EUW1_6947501398,WT Final Stand#EUW,76.92307692307693,46.12057162695826,-30.80250529611867
EUW1_6947501398,WT GigaChad#1070,76.92307692307693,50.0,-26.923076923076927
EUW1_6947501398,WT Nasty Boy#EUW,76.92307692307693,66.66666666666666,-10.256410256410264
EUW1_6947588872,Billy Bongo#EUW,76.92307692307693,45.87739471017384,-31.045682212903085
EUW1_6947588872,BuddhaGoesSmite#EUW,76.92307692307693,0.0,-76.92307692307693
EUW1_6947588872,WT Final Stand#EUW,76.92307692307693,46.12057162695826,-30.80250529611867
EUW1_6947588872,WT GigaChad#1070,76.92307692307693,50.0,-26.923076923076927
EUW1_6947588872,WT Nasty Boy#EUW,76.92307692307693,66.66666666666666,-10.256410256410264
EUW1_6948582580,Billy Bongo#EUW,50.0,28.57142857142857,-21.42857142857143
EUW1_6948582580,BuddhaGoesSmite#EUW,50.0,44.44444444444444,-5.555555555555558
EUW1_6948582580,Tibbtokontop#EUW,50.0,66.66666666666666,16.666666666666664
EUW1_6948582580,WT Final Stand#EUW,50.0,100.0,50.0
EUW1_6948582580,WT GigaChad#1070,50.0,41.66666666666667,-8.333333333333332
EUW1_6948631056,Billy Bongo#EUW,50.0,28.57142857142857,-21.42857142857143
EUW1_6948631056,BuddhaGoesSmite#EUW,50.0,44.44444444444444,-5.555555555555558
EUW1_6948631056,Tibbtokontop#EUW,50.0,66.66666666666666,16.666666666666664
EUW1_6948631056,WT Final Stand#EUW,50.0,100.0,50.0
EUW1_6948631056,WT GigaChad#1070,50.0,41.66666666666667,-8.333333333333332
EUW1_6948676995,Billy Bongo#EUW,50.0,28.57142857142857,-21.42857142857143
EUW1_6948676995,BuddhaGoesSmite#EUW,50.0,44.44444444444444,-5.555555555555558
EUW1_6948676995,Tibbtokontop#EUW,50.0,66.66666666666666,16.666666666666664
EUW1_6948676995,WT Final Stand#EUW,50.0,100.0,50.0
EUW1_6948676995,WT GigaChad#1070,50.0,41.66666666666667,-8.333333333333332
EUW1_6956274193,Billy Bongo#EUW,76.92307692307693,45.87739471017384,-31.045682212903085
EUW1_6956274193,BuddhaGoesSmite#EUW,76.92307692307693,0.0,-76.92307692307693
EUW1_6956274193,WT Final Stand#EUW,76.92307692307693,46.12057162695826,-30.80250529611867
EUW1_6956274193,WT GigaChad#1070,76.92307692307693,50.0,-26.923076923076927
EUW1_6956274193,WT Nasty Boy#EUW,76.92307692307693,66.66666666666666,-10.256410256410264
EUW1_6956334573,Billy Bongo#EUW,76.92307692307693,45.87739471017384,-31.045682212903085
EUW1_6956334573,BuddhaGoesSmite#EUW,76.92307692307693,0.0,-76.92307692307693
EUW1_6956334573,WT Final Stand#EUW,76.92307692307693,46.12057162695826,-30.80250529611867
EUW1_6956334573,WT GigaChad#1070,76.92307692307693,50.0,-26.923076923076927
EUW1_6956334573,WT Nasty Boy#EUW,76.92307692307693,66.66666666666666,-10.256410256410264
EUW1_6956387238,Billy Bongo#EUW,76.92307692307693,45.87739471017384,-31.045682212903085
EUW1_6956387238,BuddhaGoesSmite#EUW,76.92307692307693,0.0,-76.92307692307693
EUW1_6956387238,WT Final Stand#EUW,76.92307692307693,46.12057162695826,-30.80250529611867
EUW1_6956387238,WT GigaChad#1070,76.92307692307693,50.0,-26.923076923076927
EUW1_6956387238,WT Nasty Boy#EUW,76.92307692307693,66.66666666666666,-10.256410256410264
EUW1_6962023825,Billy Bongo#EUW,50.0,28.57142857142857,-21.42857142857143
EUW1_6962023825,BuddhaGoesSmite#EUW,50.0,44.44444444444444,-5.555555555555558
EUW1_6962023825,Tibbtokontop#EUW,50.0,66.66666666666666,16.666666666666664
EUW1_6962023825,WT Final Stand#EUW,50.0,100.0,50.0
EUW1_6962023825,WT GigaChad#1070,50.0,41.66666666666667,-8.333333333333332
EUW1_6962064677,Billy Bongo#EUW,50.0,28.57142857142857,-21.42857142857143
EUW1_6962064677,BuddhaGoesSmite#EUW,50.0,44.44444444444444,-5.555555555555558
EUW1_6962064677,Tibbtokontop#EUW,50.0,66.66666666666666,16.666666666666664
EUW1_6962064677,WT Final Stand#EUW,50.0,100.0,50.0
EUW1_6962064677,WT GigaChad#1070,50.0,41.66666666666667,-8.333333333333332
EUW1_6964137968,BuddhaGoesSmite#EUW,50.0,45.08873677433341,-4.91126322566659
EUW1_6964137968,Tibbtokontop#EUW,50.0,45.87739471017384,-4.122605289826159
EUW1_6964137968,WT Final Stand#EUW,50.0,45.46012435375541,-4.53987564624459
EUW1_6964137968,WT GigaChad#1070,50.0,0.0,-50.0
EUW1_6964137968,WT Nasty Boy#EUW,50.0,28.57142857142857,-21.42857142857143
EUW1_6964200305,BuddhaGoesSmite#EUW,50.0,45.08873677433341,-4.91126322566659
EUW1_6964200305,Tibbtokontop#EUW,50.0,45.87739471017384,-4.122605289826159
EUW1_6964200305,WT Final Stand#EUW,50.0,45.46012435375541,-4.53987564624459
EUW1_6964200305,WT GigaChad#1070,50.0,0.0,-50.0
EUW1_6964200305,WT Nasty Boy#EUW,50.0,28.57142857142857,-21.42857142857143
EUW1_6968511130,Billy Bongo#EUW,50.0,28.57142857142857,-21.42857142857143
EUW1_6968511130,BuddhaGoesSmite#EUW,50.0,44.44444444444444,-5.555555555555558
EUW1_6968511130,Tibbtokontop#EUW,50.0,66.66666666666666,16.666666666666664
EUW1_6968511130,WT Final Stand#EUW,50.0,100.0,50.0
EUW1_6968511130,WT GigaChad#1070,50.0,41.66666666666667,-8.333333333333332
EUW1_6968563139,Billy Bongo#EUW,50.0,28.57142857142857,-21.42857142857143
EUW1_6968563139,BuddhaGoesSmite#EUW,50.0,44.44444444444444,-5.555555555555558
EUW1_6968563139,Tibbtokontop#EUW,50.0,66.66666666666666,16.666666666666664
EUW1_6968563139,WT Final Stand#EUW,50.0,100.0,50.0
EUW1_6968563139,WT GigaChad#1070,50.0,41.66666666666667,-8.333333333333332
EUW1_6969598008,Billy Bongo#EUW,50.0,28.57142857142857,-21.42857142857143
EUW1_6969598008,BuddhaGoesSmite#EUW,50.0,44.44444444444444,-5.555555555555558
EUW1_6969598008,Tibbtokontop#EUW,50.0,66.66666666666666,16.666666666666664
EUW1_6969598008,WT Final Stand#EUW,50.0,100.0,50.0
EUW1_6969598008,WT GigaChad#1070,50.0,41.66666666666667,-8.333333333333332
EUW1_6969649464,Billy Bongo#EUW,50.0,28.57142857142857,-21.42857142857143
EUW1_6969649464,BuddhaGoesSmite#EUW,50.0,44.44444444444444,-5.555555555555558
EUW1_6969649464,Tibbtokontop#EUW,50.0,66.66666666666666,16.666666666666664
EUW1_6969649464,WT Final Stand#EUW,50.0,100.0,50.0
EUW1_6969649464,WT GigaChad#1070,50.0,41.66666666666667,-8.333333333333332
EUW1_6972744920,BuddhaGoesSmite#EUW,0.0,44.2292513346953,44.2292513346953
EUW1_6972744920,Sporus#EUW,0.0,28.57142857142857,28.57142857142857
EUW1_6972744920,Tibbtokontop#EUW,0.0,45.01790927053573,45.01790927053573
EUW1_6972744920,WT Final Stand#EUW,0.0,44.600638914117305,44.600638914117305
EUW1_6972744920,WT GigaChad#1070,0.0,0.0,0.0
EUW1_6972819220,Billy Bongo#EUW,61.111111111111114,0.0,-61.111111111111114
EUW1_6972819220,BuddhaGoesSmite#EUW,61.111111111111114,0.0,-61.111111111111114
EUW1_6972819220,Sporus#EUW,61.111111111111114,41.66666666666667,-19.444444444444446
EUW1_6972819220,Tibbtokontop#EUW,61.111111111111114,66.66666666666666,5.5555555555555465
EUW1_6972819220,WT Final Stand#EUW,61.111111111111114,50.0,-11.111111111111116
EUW1_6977314876,Billy Bongo#EUW,50.0,0.0,-50.0
EUW1_6977314876,BuddhaGoesSmite#EUW,50.0,46.15384615384615,-3.8461538461538436
EUW1_6977314876,Tibbtokontop#EUW,50.0,50.0,0.0
EUW1_6977314876,WT Final Stand#EUW,50.0,25.0,-25.0
EUW1_6977314876,WT Nasty Boy#EUW,50.0,41.66666666666667,-8.333333333333332
EUW1_6977416187,Billy Bongo#EUW,50.0,0.0,-50.0
EUW1_6977416187,BuddhaGoesSmite#EUW,50.0,46.15384615384615,-3.8461538461538436
EUW1_6977416187,Tibbtokontop#EUW,50.0,50.0,0.0
EUW1_6977416187,WT Final Stand#EUW,50.0,25.0,-25.0
EUW1_6977416187,WT Nasty Boy#EUW,50.0,41.66666666666667,-8.333333333333332
EUW1_6981309030,Billy Bongo#EUW,76.92307692307693,45.87739471017384,-31.045682212903085
EUW1_6981309030,BuddhaGoesSmite#EUW,76.92307692307693,0.0,-76.92307692307693
EUW1_6981309030,WT Final Stand#EUW,76.92307692307693,46.12057162695826,-30.80250529611867
EUW1_6981309030,WT GigaChad#1070,76.92307692307693,50.0,-26.923076923076927
EUW1_6981309030,WT Nasty Boy#EUW,76.92307692307693,66.66666666666666,-10.256410256410264
EUW1_6981363487,Billy Bongo#EUW,76.92307692307693,45.87739471017384,-31.045682212903085
EUW1_6981363487,BuddhaGoesSmite#EUW,76.92307692307693,0.0,-76.92307692307693
EUW1_6981363487,WT Final Stand#EUW,76.92307692307693,46.12057162695826,-30.80250529611867
EUW1_6981363487,WT GigaChad#1070,76.92307692307693,50.0,-26.923076923076927
EUW1_6981363487,WT Nasty Boy#EUW,76.92307692307693,66.66666666666666,-10.256410256410264
EUW1_6981412472,Billy Bongo#EUW,76.92307692307693,45.87739471017384,-31.045682212903085
EUW1_6981412472,BuddhaGoesSmite#EUW,76.92307692307693,0.0,-76.92307692307693
EUW1_6981412472,WT Final Stand#EUW,76.92307692307693,46.12057162695826,-30.80250529611867
EUW1_6981412472,WT GigaChad#1070,76.92307692307693,50.0,-26.923076923076927
EUW1_6981412472,WT Nasty Boy#EUW,76.92307692307693,66.66666666666666,-10.256410256410264
EUW1_6983485811,Billy Bongo#EUW,50.0,28.57142857142857,-21.42857142857143
EUW1_6983485811,BuddhaGoesSmite#EUW,50.0,44.44444444444444,-5.555555555555558
EUW1_6983485811,Tibbtokontop#EUW,50.0,66.66666666666666,16.666666666666664
EUW1_6983485811,WT Final Stand#EUW,50.0,100.0,50.0
EUW1_6983485811,WT GigaChad#1070,50.0,41.66666666666667,-8.333333333333332
EUW1_6983548499,Billy Bongo#EUW,50.0,28.57142857142857,-21.42857142857143
EUW1_6983548499,BuddhaGoesSmite#EUW,50.0,44.44444444444444,-5.555555555555558
EUW1_6983548499,Tibbtokontop#EUW,50.0,66.66666666666666,16.666666666666664
EUW1_6983548499,WT Final Stand#EUW,50.0,100.0,50.0
EUW1_6983548499,WT GigaChad#1070,50.0,41.66666666666667,-8.333333333333332
EUW1_6984504604,Billy Bongo#EUW,76.92307692307693,45.87739471017384,-31.045682212903085
EUW1_6984504604,BuddhaGoesSmite#EUW,76.92307692307693,0.0,-76.92307692307693
EUW1_6984504604,WT Final Stand#EUW,76.92307692307693,46.12057162695826,-30.80250529611867
EUW1_6984504604,WT GigaChad#1070,76.92307692307693,50.0,-26.923076923076927
EUW1_6984504604,WT Nasty Boy#EUW,76.92307692307693,66.66666666666666,-10.256410256410264
EUW1_6984547407,Billy Bongo#EUW,76.92307692307693,45.87739471017384,-31.045682212903085
EUW1_6984547407,BuddhaGoesSmite#EUW,76.92307692307693,0.0,-76.92307692307693
EUW1_6984547407,WT Final Stand#EUW,76.92307692307693,46.12057162695826,-30.80250529611867
EUW1_6984547407,WT GigaChad#1070,76.92307692307693,50.0,-26.923076923076927
EUW1_6984547407,WT Nasty Boy#EUW,76.92307692307693,66.66666666666666,-10.256410256410264
EUW1_6988328350,Billy Bongo#EUW,0.0,44.600638914117305,44.600638914117305
EUW1_6988328350,BuddhaGoesSmite#EUW,0.0,100.0,100.0
EUW1_6988328350,Sporus#EUW,0.0,100.0,100.0
EUW1_6988328350,Tibbtokontop#EUW,0.0,45.261086187320146,45.261086187320146
EUW1_6988328350,WT GigaChad#1070,0.0,50.0,50.0
EUW1_6988384011,Billy Bongo#EUW,50.0,28.57142857142857,-21.42857142857143
EUW1_6988384011,BuddhaGoesSmite#EUW,50.0,44.44444444444444,-5.555555555555558
EUW1_6988384011,Tibbtokontop#EUW,50.0,66.66666666666666,16.666666666666664
EUW1_6988384011,WT Final Stand#EUW,50.0,100.0,50.0
EUW1_6988384011,WT GigaChad#1070,50.0,41.66666666666667,-8.333333333333332
EUW1_6988443569,Billy Bongo#EUW,50.0,28.57142857142857,-21.42857142857143
EUW1_6988443569,BuddhaGoesSmite#EUW,50.0,44.44444444444444,-5.555555555555558
EUW1_6988443569,Tibbtokontop#EUW,50.0,66.66666666666666,16.666666666666664
EUW1_6988443569,WT Final Stand#EUW,50.0,100.0,50.0
EUW1_6988443569,WT GigaChad#1070,50.0,41.66666666666667,-8.333333333333332
EUW1_7048729509,BuddhaGoesSmite#EUW,28.57142857142857,43.581103186547146,15.009674615118579
EUW1_7048729509,Tibbtokontop#EUW,28.57142857142857,44.36976112238759,15.798332550959016
EUW1_7048729509,WT Final Stand#EUW,28.57142857142857,43.95249076596915,15.381062194540585
EUW1_7048729509,WT GigaChad#1070,28.57142857142857,43.69361302132291,15.122184449894343
EUW1_7048819573,BuddhaGoesSmite#EUW,28.57142857142857,43.581103186547146,15.009674615118579
EUW1_7048819573,Tibbtokontop#EUW,28.57142857142857,44.36976112238759,15.798332550959016
EUW1_7048819573,WT Final Stand#EUW,28.57142857142857,43.95249076596915,15.381062194540585
EUW1_7048819573,WT GigaChad#1070,28.57142857142857,43.69361302132291,15.122184449894343
EUW1_7376925438,Billy Bongo#EUW,41.66666666666667,43.69361302132291,2.026946354656245
EUW1_7376925438,BuddhaGoesSmite#EUW,41.66666666666667,43.565402358685304,1.8987356920186382
EUW1_7376925438,Tibbtokontop#EUW,41.66666666666667,44.35406029452575,2.6873936278590804
EUW1_7376925438,WT Final Stand#EUW,41.66666666666667,43.93678993810733,2.2701232714406605
EUW1_7376983632,Billy Bongo#EUW,41.66666666666667,43.69361302132291,2.026946354656245
EUW1_7376983632,BuddhaGoesSmite#EUW,41.66666666666667,43.565402358685304,1.8987356920186382
EUW1_7376983632,Tibbtokontop#EUW,41.66666666666667,44.35406029452575,2.6873936278590804
EUW1_7376983632,WT Final Stand#EUW,41.66666666666667,43.93678993810733,2.2701232714406605
EUW1_7378976035,Billy Bongo#EUW,61.111111111111114,0.0,-61.111111111111114
EUW1_7378976035,BuddhaGoesSmite#EUW,61.111111111111114,0.0,-61.111111111111114
EUW1_7378976035,Sporus#EUW,61.111111111111114,41.66666666666667,-19.444444444444446
EUW1_7378976035,Tibbtokontop#EUW,61.111111111111114,66.66666666666666,5.5555555555555465
EUW1_7378976035,WT Final Stand#EUW,61.111111111111114,50.0,-11.111111111111116
EUW1_7379039980,Billy Bongo#EUW,61.111111111111114,0.0,-61.111111111111114
EUW1_7379039980,BuddhaGoesSmite#EUW,61.111111111111114,0.0,-61.111111111111114
EUW1_7379039980,Sporus#EUW,61.111111111111114,41.66666666666667,-19.444444444444446
EUW1_7379039980,Tibbtokontop#EUW,61.111111111111114,66.66666666666666,5.5555555555555465
EUW1_7379039980,WT Final Stand#EUW,61.111111111111114,50.0,-11.111111111111116
EUW1_7379079406,Billy Bongo#EUW,61.111111111111114,0.0,-61.111111111111114
EUW1_7379079406,BuddhaGoesSmite#EUW,61.111111111111114,0.0,-61.111111111111114
EUW1_7379079406,Sporus#EUW,61.111111111111114,41.66666666666667,-19.444444444444446
EUW1_7379079406,Tibbtokontop#EUW,61.111111111111114,66.66666666666666,5.5555555555555465
EUW1_7379079406,WT Final Stand#EUW,61.111111111111114,50.0,-11.111111111111116
EUW1_7379119854,Billy Bongo#EUW,61.111111111111114,0.0,-61.111111111111114
EUW1_7379119854,BuddhaGoesSmite#EUW,61.111111111111114,0.0,-61.111111111111114
EUW1_7379119854,Sporus#EUW,61.111111111111114,41.66666666666667,-19.444444444444446
EUW1_7379119854,Tibbtokontop#EUW,61.111111111111114,66.66666666666666,5.5555555555555465
EUW1_7379119854,WT Final Stand#EUW,61.111111111111114,50.0,-11.111111111111116
EUW1_7380031878,BuddhaGoesSmite#EUW,36.36363636363637,43.3981752450622,7.034538881425833
EUW1_7380031878,Sporus#EUW,36.36363636363637,0.0,-36.36363636363637
EUW1_7380031878,Tibbtokontop#EUW,36.36363636363637,44.18683318090264,7.823196817266275
EUW1_7380031878,WT Final Stand#EUW,36.36363636363637,0.0,-36.36363636363637
EUW1_7380031878,WT Nasty Boy#EUW,36.36363636363637,0.0,-36.36363636363637
EUW1_7380071903,BuddhaGoesSmite#EUW,36.36363636363637,43.3981752450622,7.034538881425833
EUW1_7380071903,Sporus#EUW,36.36363636363637,0.0,-36.36363636363637
EUW1_7380071903,Tibbtokontop#EUW,36.36363636363637,44.18683318090264,7.823196817266275
EUW1_7380071903,WT Final Stand#EUW,36.36363636363637,0.0,-36.36363636363637
EUW1_7380071903,WT Nasty Boy#EUW,36.36363636363637,0.0,-36.36363636363637
EUW1_7380108945,BuddhaGoesSmite#EUW,36.36363636363637,43.3981752450622,7.034538881425833
EUW1_7380108945,Sporus#EUW,36.36363636363637,0.0,-36.36363636363637
EUW1_7380108945,Tibbtokontop#EUW,36.36363636363637,44.18683318090264,7.823196817266275
EUW1_7380108945,WT Final Stand#EUW,36.36363636363637,0.0,-36.36363636363637
EUW1_7380108945,WT Nasty Boy#EUW,36.36363636363637,0.0,-36.36363636363637
EUW1_7383284186,Billy Bongo#EUW,61.111111111111114,0.0,-61.111111111111114
EUW1_7383284186,BuddhaGoesSmite#EUW,61.111111111111114,0.0,-61.111111111111114
EUW1_7383284186,Sporus#EUW,61.111111111111114,41.66666666666667,-19.444444444444446
EUW1_7383284186,Tibbtokontop#EUW,61.111111111111114,66.66666666666666,5.5555555555555465
EUW1_7383284186,WT Final Stand#EUW,61.111111111111114,50.0,-11.111111111111116
EUW1_7383334031,Billy Bongo#EUW,61.111111111111114,0.0,-61.111111111111114
EUW1_7383334031,BuddhaGoesSmite#EUW,61.111111111111114,0.0,-61.111111111111114
EUW1_7383334031,Sporus#EUW,61.111111111111114,41.66666666666667,-19.444444444444446
EUW1_7383334031,Tibbtokontop#EUW,61.111111111111114,66.66666666666666,5.5555555555555465
EUW1_7383334031,WT Final Stand#EUW,61.111111111111114,50.0,-11.111111111111116
EUW1_7386029888,Billy Bongo#EUW,50.0,0.0,-50.0
EUW1_7386029888,BuddhaGoesSmite#EUW,50.0,46.15384615384615,-3.8461538461538436
EUW1_7386029888,Tibbtokontop#EUW,50.0,50.0,0.0
EUW1_7386029888,WT Final Stand#EUW,50.0,25.0,-25.0
EUW1_7386029888,WT Nasty Boy#EUW,50.0,41.66666666666667,-8.333333333333332
EUW1_7386082920,Billy Bongo#EUW,50.0,0.0,-50.0
EUW1_7386082920,BuddhaGoesSmite#EUW,50.0,46.15384615384615,-3.8461538461538436
EUW1_7386082920,Tibbtokontop#EUW,50.0,50.0,0.0
EUW1_7386082920,WT Final Stand#EUW,50.0,25.0,-25.0
EUW1_7386082920,WT Nasty Boy#EUW,50.0,41.66666666666667,-8.333333333333332
EUW1_7387180312,Billy Bongo#EUW,0.0,41.31834331228909,41.31834331228909
EUW1_7387180312,Sporus#EUW,0.0,42.99320401369845,42.99320401369845
EUW1_7387180312,Tibbtokontop#EUW,0.0,41.97879058549193,41.97879058549193
EUW1_7387180312,WT Nasty Boy#EUW,0.0,42.133718574060346,42.133718574060346
EUW1_7387248930,Billy Bongo#EUW,0.0,41.31834331228909,41.31834331228909
EUW1_7387248930,Sporus#EUW,0.0,42.99320401369845,42.99320401369845
EUW1_7387248930,Tibbtokontop#EUW,0.0,41.97879058549193,41.97879058549193
EUW1_7387248930,WT Nasty Boy#EUW,0.0,42.133718574060346,42.133718574060346
EUW1_7387295023,Billy Bongo#EUW,46.15384615384615,42.75002709691405,-3.4038190569321056
EUW1_7387295023,Tibbtokontop#EUW,46.15384615384615,43.41047437011689,-2.7433717837292706
EUW1_7387295023,WT Final Stand#EUW,46.15384615384615,42.99320401369845,-3.1606421401477016
EUW1_7387295023,WT Nasty Boy#EUW,46.15384615384615,43.565402358685304,-2.58844379516085
EUW1_7391526341,Billy Bongo#EUW,46.15384615384615,42.75002709691405,-3.4038190569321056
EUW1_7391526341,Tibbtokontop#EUW,46.15384615384615,43.41047437011689,-2.7433717837292706
EUW1_7391526341,WT Final Stand#EUW,46.15384615384615,42.99320401369845,-3.1606421401477016
EUW1_7391526341,WT Nasty Boy#EUW,46.15384615384615,43.565402358685304,-2.58844379516085
EUW1_7391596050,Billy Bongo#EUW,25.0,43.12141467633606,18.121414676336062
EUW1_7391596050,BuddhaGoesSmite#EUW,25.0,42.99320401369845,17.993204013698456
EUW1_7391596050,Tibbtokontop#EUW,25.0,43.78186194953891,18.781861949538907
EUW1_7391596050,WT Nasty Boy#EUW,25.0,43.93678993810733,18.936789938107328
EUW1_7391641199,Billy Bongo#EUW,50.0,44.18683318090264,-5.8131668190973596
EUW1_7391641199,BuddhaGoesSmite#EUW,50.0,44.05862251826503,-5.941377481734966
EUW1_7391641199,Sporus#EUW,50.0,50.0,0.0
EUW1_7391641199,WT Final Stand#EUW,50.0,0.0,-50.0
EUW1_7391641199,WT Nasty Boy#EUW,50.0,66.66666666666666,16.666666666666664
EUW1_7391705045,Billy Bongo#EUW,0.0,41.89054165727594,41.89054165727594
EUW1_7391705045,Sporus#EUW,0.0,43.565402358685304,43.565402358685304
EUW1_7391705045,Tibbtokontop#EUW,0.0,42.55098893047878,42.55098893047878
EUW1_7391705045,WT Final Stand#EUW,0.0,42.133718574060346,42.133718574060346
EUW1_7391731119,Billy Bongo#EUW,0.0,41.31834331228909,41.31834331228909
EUW1_7391731119,Sporus#EUW,0.0,42.99320401369845,42.99320401369845
EUW1_7391731119,Tibbtokontop#EUW,0.0,41.97879058549193,41.97879058549193
EUW1_7391731119,WT Nasty Boy#EUW,0.0,42.133718574060346,42.133718574060346
EUW1_7393589155,Billy Bongo#EUW,41.66666666666667,43.69361302132291,2.026946354656245
EUW1_7393589155,BuddhaGoesSmite#EUW,41.66666666666667,43.565402358685304,1.8987356920186382
EUW1_7393589155,Tibbtokontop#EUW,41.66666666666667,44.35406029452575,2.6873936278590804
EUW1_7393589155,WT Final Stand#EUW,41.66666666666667,43.93678993810733,2.2701232714406605
EUW1_7393658028,BuddhaGoesSmite#EUW,0.0,42.75002709691405,42.75002709691405
EUW1_7393658028,Tibbtokontop#EUW,0.0,43.53868503275449,43.53868503275449
EUW1_7393658028,WT Final Stand#EUW,0.0,43.12141467633606,43.12141467633606
EUW1_7393658028,WT Nasty Boy#EUW,0.0,43.69361302132291,43.69361302132291
EUW1_7393679387,Billy Bongo#EUW,25.0,43.12141467633606,18.121414676336062
EUW1_7393679387,BuddhaGoesSmite#EUW,25.0,42.99320401369845,17.993204013698456
EUW1_7393679387,Tibbtokontop#EUW,25.0,43.78186194953891,18.781861949538907
EUW1_7393679387,WT Nasty Boy#EUW,25.0,43.93678993810733,18.936789938107328
EUW1_7394697554,Billy Bongo#EUW,46.15384615384615,42.75002709691405,-3.4038190569321056
EUW1_7394697554,Tibbtokontop#EUW,46.15384615384615,43.41047437011689,-2.7433717837292706
EUW1_7394697554,WT Final Stand#EUW,46.15384615384615,42.99320401369845,-3.1606421401477016
EUW1_7394697554,WT Nasty Boy#EUW,46.15384615384615,43.565402358685304,-2.58844379516085
EUW1_7397627929,Billy Bongo#EUW,50.0,44.18683318090264,-5.8131668190973596
EUW1_7397627929,BuddhaGoesSmite#EUW,50.0,44.05862251826503,-5.941377481734966
EUW1_7397627929,Sporus#EUW,50.0,50.0,0.0
EUW1_7397627929,WT Final Stand#EUW,50.0,0.0,-50.0
EUW1_7397627929,WT Nasty Boy#EUW,50.0,66.66666666666666,16.666666666666664
EUW1_7397764197,Billy Bongo#EUW,25.0,43.12141467633606,18.121414676336062
EUW1_7397764197,BuddhaGoesSmite#EUW,25.0,42.99320401369845,17.993204013698456
EUW1_7397764197,Tibbtokontop#EUW,25.0,43.78186194953891,18.781861949538907
EUW1_7397764197,WT Nasty Boy#EUW,25.0,43.93678993810733,18.936789938107328
EUW1_7397792205,Billy Bongo#EUW,50.0,0.0,-50.0
EUW1_7397792205,BuddhaGoesSmite#EUW,50.0,46.15384615384615,-3.8461538461538436
EUW1_7397792205,Tibbtokontop#EUW,50.0,50.0,0.0
EUW1_7397792205,WT Final Stand#EUW,50.0,25.0,-25.0
EUW1_7397792205,WT Nasty Boy#EUW,50.0,41.66666666666667,-8.333333333333332
EUW1_7399581115,Billy Bongo#EUW,25.0,43.12141467633606,18.121414676336062
EUW1_7399581115,BuddhaGoesSmite#EUW,25.0,42.99320401369845,17.993204013698456
EUW1_7399581115,Tibbtokontop#EUW,25.0,43.78186194953891,18.781861949538907
EUW1_7399581115,WT Nasty Boy#EUW,25.0,43.93678993810733,18.936789938107328
EUW1_7399654863,Billy Bongo#EUW,50.0,0.0,-50.0
EUW1_7399654863,BuddhaGoesSmite#EUW,50.0,46.15384615384615,-3.8461538461538436
EUW1_7399654863,Tibbtokontop#EUW,50.0,50.0,0.0
EUW1_7399654863,WT Final Stand#EUW,50.0,25.0,-25.0
EUW1_7399654863,WT Nasty Boy#EUW,50.0,41.66666666666667,-8.333333333333332
EUW1_7400655251,Billy Bongo#EUW,50.0,0.0,-50.0
EUW1_7400655251,BuddhaGoesSmite#EUW,50.0,46.15384615384615,-3.8461538461538436
EUW1_7400655251,Tibbtokontop#EUW,50.0,50.0,0.0
EUW1_7400655251,WT Final Stand#EUW,50.0,25.0,-25.0
EUW1_7400655251,WT Nasty Boy#EUW,50.0,41.66666666666667,-8.333333333333332
EUW1_7400715984,Billy Bongo#EUW,50.0,0.0,-50.0
EUW1_7400715984,BuddhaGoesSmite#EUW,50.0,46.15384615384615,-3.8461538461538436
EUW1_7400715984,Tibbtokontop#EUW,50.0,50.0,0.0
EUW1_7400715984,WT Final Stand#EUW,50.0,25.0,-25.0
EUW1_7400715984,WT Nasty Boy#EUW,50.0,41.66666666666667,-8.333333333333332
EUW1_7406175934,Billy Bongo#EUW,50.0,0.0,-50.0
EUW1_7406175934,BuddhaGoesSmite#EUW,50.0,46.15384615384615,-3.8461538461538436
EUW1_7406175934,Tibbtokontop#EUW,50.0,50.0,0.0
EUW1_7406175934,WT Final Stand#EUW,50.0,25.0,-25.0
EUW1_7406175934,WT Nasty Boy#EUW,50.0,41.66666666666667,-8.333333333333332
EUW1_7406233806,Billy Bongo#EUW,50.0,0.0,-50.0
EUW1_7406233806,BuddhaGoesSmite#EUW,50.0,46.15384615384615,-3.8461538461538436
EUW1_7406233806,Tibbtokontop#EUW,50.0,50.0,0.0
EUW1_7406233806,WT Final Stand#EUW,50.0,25.0,-25.0
EUW1_7406233806,WT Nasty Boy#EUW,50.0,41.66666666666667,-8.333333333333332
EUW1_7413278054,Billy Bongo#EUW,50.0,0.0,-50.0
EUW1_7413278054,BuddhaGoesSmite#EUW,50.0,46.15384615384615,-3.8461538461538436
EUW1_7413278054,Tibbtokontop#EUW,50.0,50.0,0.0
EUW1_7413278054,WT Final Stand#EUW,50.0,25.0,-25.0
EUW1_7413278054,WT Nasty Boy#EUW,50.0,41.66666666666667,-8.333333333333332
EUW1_7413322975,Billy Bongo#EUW,50.0,0.0,-50.0
EUW1_7413322975,BuddhaGoesSmite#EUW,50.0,46.15384615384615,-3.8461538461538436
EUW1_7413322975,Tibbtokontop#EUW,50.0,50.0,0.0
EUW1_7413322975,WT Final Stand#EUW,50.0,25.0,-25.0
EUW1_7413322975,WT Nasty Boy#EUW,50.0,41.66666666666667,-8.333333333333332
EUW1_7413376539,Billy Bongo#EUW,50.0,0.0,-50.0
EUW1_7413376539,BuddhaGoesSmite#EUW,50.0,46.15384615384615,-3.8461538461538436
EUW1_7413376539,Tibbtokontop#EUW,50.0,50.0,0.0
EUW1_7413376539,WT Final Stand#EUW,50.0,25.0,-25.0
EUW1_7413376539,WT Nasty Boy#EUW,50.0,41.66666666666667,-8.333333333333332
EUW1_7419559795,Billy Bongo#EUW,46.15384615384615,42.75002709691405,-3.4038190569321056
EUW1_7419559795,Tibbtokontop#EUW,46.15384615384615,43.41047437011689,-2.7433717837292706
EUW1_7419559795,WT Final Stand#EUW,46.15384615384615,42.99320401369845,-3.1606421401477016
EUW1_7419559795,WT Nasty Boy#EUW,46.15384615384615,43.565402358685304,-2.58844379516085
EUW1_7426376827,Billy Bongo#EUW,46.15384615384615,42.75002709691405,-3.4038190569321056
EUW1_7426376827,Tibbtokontop#EUW,46.15384615384615,43.41047437011689,-2.7433717837292706
EUW1_7426376827,WT Final Stand#EUW,46.15384615384615,42.99320401369845,-3.1606421401477016
EUW1_7426376827,WT Nasty Boy#EUW,46.15384615384615,43.565402358685304,-2.58844379516085
EUW1_7426421260,Billy Bongo#EUW,46.15384615384615,42.75002709691405,-3.4038190569321056
EUW1_7426421260,Tibbtokontop#EUW,46.15384615384615,43.41047437011689,-2.7433717837292706
EUW1_7426421260,WT Final Stand#EUW,46.15384615384615,42.99320401369845,-3.1606421401477016
EUW1_7426421260,WT Nasty Boy#EUW,46.15384615384615,43.565402358685304,-2.58844379516085
EUW1_7427473240,Billy Bongo#EUW,46.15384615384615,42.75002709691405,-3.4038190569321056
EUW1_7427473240,Tibbtokontop#EUW,46.15384615384615,43.41047437011689,-2.7433717837292706
EUW1_7427473240,WT Final Stand#EUW,46.15384615384615,42.99320401369845,-3.1606421401477016
EUW1_7427473240,WT Nasty Boy#EUW,46.15384615384615,43.565402358685304,-2.58844379516085
EUW1_7427533639,Billy Bongo#EUW,46.15384615384615,42.75002709691405,-3.4038190569321056
EUW1_7427533639,Tibbtokontop#EUW,46.15384615384615,43.41047437011689,-2.7433717837292706
EUW1_7427533639,WT Final Stand#EUW,46.15384615384615,42.99320401369845,-3.1606421401477016
EUW1_7427533639,WT Nasty Boy#EUW,46.15384615384615,43.565402358685304,-2.58844379516085
EUW1_7440426351,BuddhaGoesSmite#EUW,36.36363636363637,43.3981752450622,7.034538881425833
EUW1_7440426351,Sporus#EUW,36.36363636363637,0.0,-36.36363636363637
EUW1_7440426351,Tibbtokontop#EUW,36.36363636363637,44.18683318090264,7.823196817266275
EUW1_7440426351,WT Final Stand#EUW,36.36363636363637,0.0,-36.36363636363637
EUW1_7440426351,WT Nasty Boy#EUW,36.36363636363637,0.0,-36.36363636363637
EUW1_7442301866,Billy Bongo#EUW,44.44444444444444,43.581103186547146,-0.8633412578972932
EUW1_7442301866,Tibbtokontop#EUW,44.44444444444444,44.24155045974999,-0.2028939846944522
EUW1_7442301866,WT Final Stand#EUW,44.44444444444444,43.82428010333156,-0.6201643411128832
EUW1_7442301866,WT GigaChad#1070,44.44444444444444,43.565402358685304,-0.8790420857591352
EUW1_7442377742,Billy Bongo#EUW,44.44444444444444,43.581103186547146,-0.8633412578972932
EUW1_7442377742,Tibbtokontop#EUW,44.44444444444444,44.24155045974999,-0.2028939846944522
EUW1_7442377742,WT Final Stand#EUW,44.44444444444444,43.82428010333156,-0.6201643411128832
EUW1_7442377742,WT GigaChad#1070,44.44444444444444,43.565402358685304,-0.8790420857591352
EUW1_7443310938,Billy Bongo#EUW,46.15384615384615,42.75002709691405,-3.4038190569321056
EUW1_7443310938,Tibbtokontop#EUW,46.15384615384615,43.41047437011689,-2.7433717837292706
EUW1_7443310938,WT Final Stand#EUW,46.15384615384615,42.99320401369845,-3.1606421401477016
EUW1_7443310938,WT Nasty Boy#EUW,46.15384615384615,43.565402358685304,-2.58844379516085
EUW1_7443376061,Billy Bongo#EUW,46.15384615384615,42.75002709691405,-3.4038190569321056
EUW1_7443376061,Tibbtokontop#EUW,46.15384615384615,43.41047437011689,-2.7433717837292706
EUW1_7443376061,WT Final Stand#EUW,46.15384615384615,42.99320401369845,-3.1606421401477016
EUW1_7443376061,WT Nasty Boy#EUW,46.15384615384615,43.565402358685304,-2.58844379516085
EUW1_7444304084,Billy Bongo#EUW,50.0,0.0,-50.0
EUW1_7444304084,BuddhaGoesSmite#EUW,50.0,46.15384615384615,-3.8461538461538436
EUW1_7444304084,Tibbtokontop#EUW,50.0,50.0,0.0
EUW1_7444304084,WT Final Stand#EUW,50.0,25.0,-25.0
EUW1_7444304084,WT Nasty Boy#EUW,50.0,41.66666666666667,-8.333333333333332
EUW1_7444378864,Billy Bongo#EUW,50.0,0.0,-50.0
EUW1_7444378864,BuddhaGoesSmite#EUW,50.0,46.15384615384615,-3.8461538461538436
EUW1_7444378864,Tibbtokontop#EUW,50.0,50.0,0.0
EUW1_7444378864,WT Final Stand#EUW,50.0,25.0,-25.0
EUW1_7444378864,WT Nasty Boy#EUW,50.0,41.66666666666667,-8.333333333333332
EUW1_7447279241,Billy Bongo#EUW,41.66666666666667,43.69361302132291,2.026946354656245
EUW1_7447279241,BuddhaGoesSmite#EUW,41.66666666666667,43.565402358685304,1.8987356920186382
EUW1_7447279241,Tibbtokontop#EUW,41.66666666666667,44.35406029452575,2.6873936278590804
EUW1_7447279241,WT Final Stand#EUW,41.66666666666667,43.93678993810733,2.2701232714406605
EUW1_7447338774,Billy Bongo#EUW,41.66666666666667,43.69361302132291,2.026946354656245
EUW1_7447338774,BuddhaGoesSmite#EUW,41.66666666666667,43.565402358685304,1.8987356920186382
EUW1_7447338774,Tibbtokontop#EUW,41.66666666666667,44.35406029452575,2.6873936278590804
EUW1_7447338774,WT Final Stand#EUW,41.66666666666667,43.93678993810733,2.2701232714406605
EUW1_7448242826,Billy Bongo#EUW,76.92307692307693,45.87739471017384,-31.045682212903085
EUW1_7448242826,BuddhaGoesSmite#EUW,76.92307692307693,0.0,-76.92307692307693
EUW1_7448242826,WT Final Stand#EUW,76.92307692307693,46.12057162695826,-30.80250529611867
EUW1_7448242826,WT GigaChad#1070,76.92307692307693,50.0,-26.923076923076927
EUW1_7448242826,WT Nasty Boy#EUW,76.92307692307693,66.66666666666666,-10.256410256410264
EUW1_7450056441,Billy Bongo#EUW,44.44444444444444,43.581103186547146,-0.8633412578972932
EUW1_7450056441,Tibbtokontop#EUW,44.44444444444444,44.24155045974999,-0.2028939846944522
EUW1_7450056441,WT Final Stand#EUW,44.44444444444444,43.82428010333156,-0.6201643411128832
EUW1_7450056441,WT GigaChad#1070,44.44444444444444,43.565402358685304,-0.8790420857591352
EUW1_7450127067,Billy Bongo#EUW,44.44444444444444,43.581103186547146,-0.8633412578972932
EUW1_7450127067,Tibbtokontop#EUW,44.44444444444444,44.24155045974999,-0.2028939846944522
EUW1_7450127067,WT Final Stand#EUW,44.44444444444444,43.82428010333156,-0.6201643411128832
EUW1_7450127067,WT GigaChad#1070,44.44444444444444,43.565402358685304,-0.8790420857591352
EUW1_7450160041,Billy Bongo#EUW,44.44444444444444,43.581103186547146,-0.8633412578972932
EUW1_7450160041,Tibbtokontop#EUW,44.44444444444444,44.24155045974999,-0.2028939846944522
EUW1_7450160041,WT Final Stand#EUW,44.44444444444444,43.82428010333156,-0.6201643411128832
EUW1_7450160041,WT GigaChad#1070,44.44444444444444,43.565402358685304,-0.8790420857591352
EUW1_7453964735,Billy Bongo#EUW,61.111111111111114,0.0,-61.111111111111114
EUW1_7453964735,BuddhaGoesSmite#EUW,61.111111111111114,0.0,-61.111111111111114
EUW1_7453964735,Sporus#EUW,61.111111111111114,41.66666666666667,-19.444444444444446
EUW1_7453964735,Tibbtokontop#EUW,61.111111111111114,66.66666666666666,5.5555555555555465
EUW1_7453964735,WT Final Stand#EUW,61.111111111111114,50.0,-11.111111111111116
EUW1_7454032439,Billy Bongo#EUW,61.111111111111114,0.0,-61.111111111111114
EUW1_7454032439,BuddhaGoesSmite#EUW,61.111111111111114,0.0,-61.111111111111114
EUW1_7454032439,Sporus#EUW,61.111111111111114,41.66666666666667,-19.444444444444446
EUW1_7454032439,Tibbtokontop#EUW,61.111111111111114,66.66666666666666,5.5555555555555465
EUW1_7454032439,WT Final Stand#EUW,61.111111111111114,50.0,-11.111111111111116
EUW1_7454932837,Billy Bongo#EUW,25.0,43.12141467633606,18.121414676336062
EUW1_7454932837,BuddhaGoesSmite#EUW,25.0,42.99320401369845,17.993204013698456
EUW1_7454932837,Tibbtokontop#EUW,25.0,43.78186194953891,18.781861949538907
EUW1_7454932837,WT Nasty Boy#EUW,25.0,43.93678993810733,18.936789938107328
EUW1_7454984740,Billy Bongo#EUW,25.0,43.12141467633606,18.121414676336062
EUW1_7454984740,BuddhaGoesSmite#EUW,25.0,42.99320401369845,17.993204013698456
EUW1_7454984740,Tibbtokontop#EUW,25.0,43.78186194953891,18.781861949538907
EUW1_7454984740,WT Nasty Boy#EUW,25.0,43.93678993810733,18.936789938107328
EUW1_7457678053,Billy Bongo#EUW,0.0,41.31834331228909,41.31834331228909
EUW1_7457678053,Sporus#EUW,0.0,42.99320401369845,42.99320401369845
EUW1_7457678053,Tibbtokontop#EUW,0.0,41.97879058549193,41.97879058549193
EUW1_7457678053,WT Nasty Boy#EUW,0.0,42.133718574060346,42.133718574060346
EUW1_7457741719,Billy Bongo#EUW,0.0,41.31834331228909,41.31834331228909
EUW1_7457741719,Sporus#EUW,0.0,42.99320401369845,42.99320401369845
EUW1_7457741719,Tibbtokontop#EUW,0.0,41.97879058549193,41.97879058549193
EUW1_7457741719,WT Nasty Boy#EUW,0.0,42.133718574060346,42.133718574060346
EUW1_7457779211,Billy Bongo#EUW,0.0,41.31834331228909,41.31834331228909
EUW1_7457779211,Sporus#EUW,0.0,42.99320401369845,42.99320401369845
EUW1_7457779211,Tibbtokontop#EUW,0.0,41.97879058549193,41.97879058549193
EUW1_7457779211,WT Nasty Boy#EUW,0.0,42.133718574060346,42.133718574060346
EUW1_7460596950,Billy Bongo#EUW,61.111111111111114,0.0,-61.111111111111114
EUW1_7460596950,BuddhaGoesSmite#EUW,61.111111111111114,0.0,-61.111111111111114
EUW1_7460596950,Sporus#EUW,61.111111111111114,41.66666666666667,-19.444444444444446
EUW1_7460596950,Tibbtokontop#EUW,61.111111111111114,66.66666666666666,5.5555555555555465
EUW1_7460596950,WT Final Stand#EUW,61.111111111111114,50.0,-11.111111111111116
EUW1_7460645130,Billy Bongo#EUW,61.111111111111114,0.0,-61.111111111111114
EUW1_7460645130,BuddhaGoesSmite#EUW,61.111111111111114,0.0,-61.111111111111114
EUW1_7460645130,Sporus#EUW,61.111111111111114,41.66666666666667,-19.444444444444446
EUW1_7460645130,Tibbtokontop#EUW,61.111111111111114,66.66666666666666,5.5555555555555465
EUW1_7460645130,WT Final Stand#EUW,61.111111111111114,50.0,-11.111111111111116
EUW1_7463549201,BuddhaGoesSmite#EUW,28.57142857142857,43.581103186547146,15.009674615118579
EUW1_7463549201,Tibbtokontop#EUW,28.57142857142857,44.36976112238759,15.798332550959016
EUW1_7463549201,WT Final Stand#EUW,28.57142857142857,43.95249076596915,15.381062194540585
EUW1_7463549201,WT GigaChad#1070,28.57142857142857,43.69361302132291,15.122184449894343
EUW1_7463617250,BuddhaGoesSmite#EUW,28.57142857142857,43.581103186547146,15.009674615118579
EUW1_7463617250,Tibbtokontop#EUW,28.57142857142857,44.36976112238759,15.798332550959016
EUW1_7463617250,WT Final Stand#EUW,28.57142857142857,43.95249076596915,15.381062194540585
EUW1_7463617250,WT GigaChad#1070,28.57142857142857,43.69361302132291,15.122184449894343
EUW1_7466726821,BuddhaGoesSmite#EUW,0.0,41.31834331228909,41.31834331228909
EUW1_7466726821,Sporus#EUW,0.0,43.12141467633606,43.12141467633606
EUW1_7466726821,Tibbtokontop#EUW,0.0,42.10700124812953,42.10700124812953
EUW1_7466726821,WT Nasty Boy#EUW,0.0,42.261929236697945,42.261929236697945
EUW1_7476504133,Billy Bongo#EUW,44.44444444444444,43.581103186547146,-0.8633412578972932
EUW1_7476504133,Tibbtokontop#EUW,44.44444444444444,44.24155045974999,-0.2028939846944522
EUW1_7476504133,WT Final Stand#EUW,44.44444444444444,43.82428010333156,-0.6201643411128832
EUW1_7476504133,WT GigaChad#1070,44.44444444444444,43.565402358685304,-0.8790420857591352
EUW1_7476558960,Billy Bongo#EUW,44.44444444444444,43.581103186547146,-0.8633412578972932
EUW1_7476558960,Tibbtokontop#EUW,44.44444444444444,44.24155045974999,-0.2028939846944522
EUW1_7476558960,WT Final Stand#EUW,44.44444444444444,43.82428010333156,-0.6201643411128832
EUW1_7476558960,WT GigaChad#1070,44.44444444444444,43.565402358685304,-0.8790420857591352
EUW1_7477690525,Billy Bongo#EUW,0.0,41.89054165727594,41.89054165727594
EUW1_7477690525,Sporus#EUW,0.0,43.565402358685304,43.565402358685304
EUW1_7477690525,Tibbtokontop#EUW,0.0,42.55098893047878,42.55098893047878
EUW1_7477690525,WT Final Stand#EUW,0.0,42.133718574060346,42.133718574060346
EUW1_7477750862,Billy Bongo#EUW,0.0,41.89054165727594,41.89054165727594
EUW1_7477750862,Sporus#EUW,0.0,43.565402358685304,43.565402358685304
EUW1_7477750862,Tibbtokontop#EUW,0.0,42.55098893047878,42.55098893047878
EUW1_7477750862,WT Final Stand#EUW,0.0,42.133718574060346,42.133718574060346
EUW1_7478969371,Billy Bongo#EUW,61.111111111111114,0.0,-61.111111111111114
EUW1_7478969371,BuddhaGoesSmite#EUW,61.111111111111114,0.0,-61.111111111111114
EUW1_7478969371,Sporus#EUW,61.111111111111114,41.66666666666667,-19.444444444444446
EUW1_7478969371,Tibbtokontop#EUW,61.111111111111114,66.66666666666666,5.5555555555555465
EUW1_7478969371,WT Final Stand#EUW,61.111111111111114,50.0,-11.111111111111116
EUW1_7480146726,Billy Bongo#EUW,50.0,42.261929236697945,-7.738070763302051
EUW1_7480146726,BuddhaGoesSmite#EUW,50.0,42.133718574060346,-7.866281425939653
EUW1_7480146726,Sporus#EUW,50.0,43.93678993810733,-6.063210061892671
EUW1_7480146726,Tibbtokontop#EUW,50.0,42.92237650990079,-7.077623490099205
EUW1_7480214115,Billy Bongo#EUW,50.0,42.261929236697945,-7.738070763302051
EUW1_7480214115,BuddhaGoesSmite#EUW,50.0,42.133718574060346,-7.866281425939653
EUW1_7480214115,Sporus#EUW,50.0,43.93678993810733,-6.063210061892671
EUW1_7480214115,Tibbtokontop#EUW,50.0,42.92237650990079,-7.077623490099205
EUW1_7480263127,Billy Bongo#EUW,50.0,42.261929236697945,-7.738070763302051
EUW1_7480263127,BuddhaGoesSmite#EUW,50.0,42.133718574060346,-7.866281425939653
EUW1_7480263127,Sporus#EUW,50.0,43.93678993810733,-6.063210061892671
EUW1_7480263127,Tibbtokontop#EUW,50.0,42.92237650990079,-7.077623490099205
EUW1_7482803362,Billy Bongo#EUW,50.0,42.261929236697945,-7.738070763302051
EUW1_7482803362,BuddhaGoesSmite#EUW,50.0,42.133718574060346,-7.866281425939653
EUW1_7482803362,Sporus#EUW,50.0,43.93678993810733,-6.063210061892671
EUW1_7482803362,Tibbtokontop#EUW,50.0,42.92237650990079,-7.077623490099205
EUW1_7482867974,Billy Bongo#EUW,50.0,42.261929236697945,-7.738070763302051
EUW1_7482867974,BuddhaGoesSmite#EUW,50.0,42.133718574060346,-7.866281425939653
EUW1_7482867974,Sporus#EUW,50.0,43.93678993810733,-6.063210061892671
EUW1_7482867974,Tibbtokontop#EUW,50.0,42.92237650990079,-7.077623490099205
EUW1_7487325774,Billy Bongo#EUW,41.66666666666667,43.69361302132291,2.026946354656245
EUW1_7487325774,BuddhaGoesSmite#EUW,41.66666666666667,43.565402358685304,1.8987356920186382
EUW1_7487325774,Tibbtokontop#EUW,41.66666666666667,44.35406029452575,2.6873936278590804
EUW1_7487325774,WT Final Stand#EUW,41.66666666666667,43.93678993810733,2.2701232714406605
EUW1_7487388074,Billy Bongo#EUW,41.66666666666667,43.69361302132291,2.026946354656245
EUW1_7487388074,BuddhaGoesSmite#EUW,41.66666666666667,43.565402358685304,1.8987356920186382
EUW1_7487388074,Tibbtokontop#EUW,41.66666666666667,44.35406029452575,2.6873936278590804
EUW1_7487388074,WT Final Stand#EUW,41.66666666666667,43.93678993810733,2.2701232714406605
EUW1_7490648251,Billy Bongo#EUW,50.0,42.261929236697945,-7.738070763302051
EUW1_7490648251,BuddhaGoesSmite#EUW,50.0,42.133718574060346,-7.866281425939653
EUW1_7490648251,Sporus#EUW,50.0,43.93678993810733,-6.063210061892671
EUW1_7490648251,Tibbtokontop#EUW,50.0,42.92237650990079,-7.077623490099205
EUW1_7490737521,BuddhaGoesSmite#EUW,0.0,41.89054165727594,41.89054165727594
EUW1_7490737521,Sporus#EUW,0.0,43.69361302132291,43.69361302132291
EUW1_7490737521,Tibbtokontop#EUW,0.0,42.67919959311638,42.67919959311638
EUW1_7490737521,WT Final Stand#EUW,0.0,42.261929236697945,42.261929236697945
EUW1_7492789974,Billy Bongo#EUW,50.0,28.57142857142857,-21.42857142857143
EUW1_7492789974,BuddhaGoesSmite#EUW,50.0,44.44444444444444,-5.555555555555558
EUW1_7492789974,Tibbtokontop#EUW,50.0,66.66666666666666,16.666666666666664
EUW1_7492789974,WT Final Stand#EUW,50.0,100.0,50.0
EUW1_7492789974,WT GigaChad#1070,50.0,41.66666666666667,-8.333333333333332
EUW1_7492856490,BuddhaGoesSmite#EUW,28.57142857142857,43.581103186547146,15.009674615118579
EUW1_7492856490,Tibbtokontop#EUW,28.57142857142857,44.36976112238759,15.798332550959016
EUW1_7492856490,WT Final Stand#EUW,28.57142857142857,43.95249076596915,15.381062194540585
EUW1_7492856490,WT GigaChad#1070,28.57142857142857,43.69361302132291,15.122184449894343
EUW1_7492901583,BuddhaGoesSmite#EUW,28.57142857142857,43.581103186547146,15.009674615118579
EUW1_7492901583,Tibbtokontop#EUW,28.57142857142857,44.36976112238759,15.798332550959016
EUW1_7492901583,WT Final Stand#EUW,28.57142857142857,43.95249076596915,15.381062194540585
EUW1_7492901583,WT GigaChad#1070,28.57142857142857,43.69361302132291,15.122184449894343
EUW1_7501766850,Billy Bongo#EUW,66.66666666666666,44.36976112238759,-22.296905544279078
EUW1_7501766850,BuddhaGoesSmite#EUW,66.66666666666666,44.24155045974999,-22.425116206916673
EUW1_7501766850,WT Final Stand#EUW,66.66666666666666,44.612938039172,-22.053728627494664
EUW1_7501766850,WT GigaChad#1070,66.66666666666666,44.35406029452575,-22.312606372140912
EUW1_7501818841,Billy Bongo#EUW,66.66666666666666,44.36976112238759,-22.296905544279078
EUW1_7501818841,BuddhaGoesSmite#EUW,66.66666666666666,44.24155045974999,-22.425116206916673
EUW1_7501818841,WT Final Stand#EUW,66.66666666666666,44.612938039172,-22.053728627494664
EUW1_7501818841,WT GigaChad#1070,66.66666666666666,44.35406029452575,-22.312606372140912
EUW1_7505037981,Billy Bongo#EUW,25.0,43.12141467633606,18.121414676336062
EUW1_7505037981,BuddhaGoesSmite#EUW,25.0,42.99320401369845,17.993204013698456
EUW1_7505037981,Tibbtokontop#EUW,25.0,43.78186194953891,18.781861949538907
EUW1_7505037981,WT Nasty Boy#EUW,25.0,43.93678993810733,18.936789938107328
EUW1_7505071220,Billy Bongo#EUW,25.0,43.12141467633606,18.121414676336062
EUW1_7505071220,BuddhaGoesSmite#EUW,25.0,42.99320401369845,17.993204013698456
EUW1_7505071220,Tibbtokontop#EUW,25.0,43.78186194953891,18.781861949538907
EUW1_7505071220,WT Nasty Boy#EUW,25.0,43.93678993810733,18.936789938107328
EUW1_7507189744,Billy Bongo#EUW,44.44444444444444,43.581103186547146,-0.8633412578972932
EUW1_7507189744,Tibbtokontop#EUW,44.44444444444444,44.24155045974999,-0.2028939846944522
EUW1_7507189744,WT Final Stand#EUW,44.44444444444444,43.82428010333156,-0.6201643411128832
EUW1_7507189744,WT GigaChad#1070,44.44444444444444,43.565402358685304,-0.8790420857591352
EUW1_7507243887,Billy Bongo#EUW,44.44444444444444,43.581103186547146,-0.8633412578972932
EUW1_7507243887,Tibbtokontop#EUW,44.44444444444444,44.24155045974999,-0.2028939846944522
EUW1_7507243887,WT Final Stand#EUW,44.44444444444444,43.82428010333156,-0.6201643411128832
EUW1_7507243887,WT GigaChad#1070,44.44444444444444,43.565402358685304,-0.8790420857591352
EUW1_7508367127,Billy Bongo#EUW,50.0,28.57142857142857,-21.42857142857143
EUW1_7508367127,BuddhaGoesSmite#EUW,50.0,44.44444444444444,-5.555555555555558
EUW1_7508367127,Tibbtokontop#EUW,50.0,66.66666666666666,16.666666666666664
EUW1_7508367127,WT Final Stand#EUW,50.0,100.0,50.0
EUW1_7508367127,WT GigaChad#1070,50.0,41.66666666666667,-8.333333333333332
EUW1_7509541069,Billy Bongo#EUW,41.66666666666667,43.69361302132291,2.026946354656245
EUW1_7509541069,BuddhaGoesSmite#EUW,41.66666666666667,43.565402358685304,1.8987356920186382
EUW1_7509541069,Tibbtokontop#EUW,41.66666666666667,44.35406029452575,2.6873936278590804
EUW1_7509541069,WT Final Stand#EUW,41.66666666666667,43.93678993810733,2.2701232714406605
EUW1_7509582251,Billy Bongo#EUW,41.66666666666667,43.69361302132291,2.026946354656245
EUW1_7509582251,BuddhaGoesSmite#EUW,41.66666666666667,43.565402358685304,1.8987356920186382
EUW1_7509582251,Tibbtokontop#EUW,41.66666666666667,44.35406029452575,2.6873936278590804
EUW1_7509582251,WT Final Stand#EUW,41.66666666666667,43.93678993810733,2.2701232714406605
EUW1_7514654158,Billy Bongo#EUW,100.0,42.14941940192219,-57.85058059807782
EUW1_7514654158,Sporus#EUW,100.0,43.82428010333156,-56.17571989666844
EUW1_7514654158,Tibbtokontop#EUW,100.0,42.80986667512502,-57.19013332487497
EUW1_7514654158,WT GigaChad#1070,100.0,42.133718574060346,-57.86628142593966
EUW1_7514711133,Billy Bongo#EUW,100.0,42.14941940192219,-57.85058059807782
EUW1_7514711133,Sporus#EUW,100.0,43.82428010333156,-56.17571989666844
EUW1_7514711133,Tibbtokontop#EUW,100.0,42.80986667512502,-57.19013332487497
EUW1_7514711133,WT GigaChad#1070,100.0,42.133718574060346,-57.86628142593966
EUW1_7517687410,Billy Bongo#EUW,66.66666666666666,42.67919959311638,-23.987467073550285
EUW1_7517687410,BuddhaGoesSmite#EUW,66.66666666666666,42.55098893047878,-24.115677736187884
EUW1_7517687410,Sporus#EUW,66.66666666666666,44.35406029452575,-22.312606372140912
EUW1_7517687410,WT Final Stand#EUW,66.66666666666666,42.92237650990079,-23.744290156765867
EUW1_7517756532,Billy Bongo#EUW,66.66666666666666,42.67919959311638,-23.987467073550285
EUW1_7517756532,BuddhaGoesSmite#EUW,66.66666666666666,42.55098893047878,-24.115677736187884
EUW1_7517756532,Sporus#EUW,66.66666666666666,44.35406029452575,-22.312606372140912
EUW1_7517756532,WT Final Stand#EUW,66.66666666666666,42.92237650990079,-23.744290156765867
EUW1_7517816837,Billy Bongo#EUW,66.66666666666666,42.67919959311638,-23.987467073550285
EUW1_7517816837,BuddhaGoesSmite#EUW,66.66666666666666,42.55098893047878,-24.115677736187884
EUW1_7517816837,Sporus#EUW,66.66666666666666,44.35406029452575,-22.312606372140912
EUW1_7517816837,WT Final Stand#EUW,66.66666666666666,42.92237650990079,-23.744290156765867
EUW1_7521912726,Billy Bongo#EUW,41.66666666666667,43.69361302132291,2.026946354656245
EUW1_7521912726,BuddhaGoesSmite#EUW,41.66666666666667,43.565402358685304,1.8987356920186382
EUW1_7521912726,Tibbtokontop#EUW,41.66666666666667,44.35406029452575,2.6873936278590804
EUW1_7521912726,WT Final Stand#EUW,41.66666666666667,43.93678993810733,2.2701232714406605
EUW1_7523779753,Billy Bongo#EUW,41.66666666666667,43.69361302132291,2.026946354656245
EUW1_7523779753,BuddhaGoesSmite#EUW,41.66666666666667,43.565402358685304,1.8987356920186382
EUW1_7523779753,Tibbtokontop#EUW,41.66666666666667,44.35406029452575,2.6873936278590804
EUW1_7523779753,WT Final Stand#EUW,41.66666666666667,43.93678993810733,2.2701232714406605
EUW1_7523838470,Billy Bongo#EUW,41.66666666666667,43.69361302132291,2.026946354656245
EUW1_7523838470,BuddhaGoesSmite#EUW,41.66666666666667,43.565402358685304,1.8987356920186382
EUW1_7523838470,Tibbtokontop#EUW,41.66666666666667,44.35406029452575,2.6873936278590804
EUW1_7523838470,WT Final Stand#EUW,41.66666666666667,43.93678993810733,2.2701232714406605
EUW1_7590542537,Billy Bongo#EUW,100.0,43.95249076596915,-56.04750923403085
EUW1_7590542537,BuddhaGoesSmite#EUW,100.0,43.82428010333156,-56.17571989666844
EUW1_7590542537,Tibbtokontop#EUW,100.0,44.612938039172,-55.387061960828
EUW1_7590542537,WT GigaChad#1070,100.0,43.93678993810733,-56.063210061892676
EUW1_7598126357,Billy Bongo#EUW,46.15384615384615,42.75002709691405,-3.4038190569321056
EUW1_7598126357,Tibbtokontop#EUW,46.15384615384615,43.41047437011689,-2.7433717837292706
EUW1_7598126357,WT Final Stand#EUW,46.15384615384615,42.99320401369845,-3.1606421401477016
EUW1_7598126357,WT Nasty Boy#EUW,46.15384615384615,43.565402358685304,-2.58844379516085
EUW1_7598210504,Billy Bongo#EUW,46.15384615384615,42.75002709691405,-3.4038190569321056
EUW1_7598210504,Tibbtokontop#EUW,46.15384615384615,43.41047437011689,-2.7433717837292706
EUW1_7598210504,WT Final Stand#EUW,46.15384615384615,42.99320401369845,-3.1606421401477016
EUW1_7598210504,WT Nasty Boy#EUW,46.15384615384615,43.565402358685304,-2.58844379516085
EUW1_7598281457,Billy Bongo#EUW,46.15384615384615,42.75002709691405,-3.4038190569321056
EUW1_7598281457,Tibbtokontop#EUW,46.15384615384615,43.41047437011689,-2.7433717837292706
EUW1_7598281457,WT Final Stand#EUW,46.15384615384615,42.99320401369845,-3.1606421401477016
EUW1_7598281457,WT Nasty Boy#EUW,46.15384615384615,43.565402358685304,-2.58844379516085
EUW1_7601567995,Billy Bongo#EUW,0.0,43.42617519797873,43.42617519797873
EUW1_7601567995,WT Final Stand#EUW,0.0,43.669352114763136,43.669352114763136
EUW1_7601567995,WT GigaChad#1070,0.0,43.41047437011689,43.41047437011689
EUW1_7601567995,WT Nasty Boy#EUW,0.0,44.24155045974999,44.24155045974999
EUW1_7601632022,Billy Bongo#EUW,0.0,43.42617519797873,43.42617519797873
EUW1_7601632022,WT Final Stand#EUW,0.0,43.669352114763136,43.669352114763136
EUW1_7601632022,WT GigaChad#1070,0.0,43.41047437011689,43.41047437011689
EUW1_7601632022,WT Nasty Boy#EUW,0.0,44.24155045974999,44.24155045974999
EUW1_7601683242,Billy Bongo#EUW,50.0,0.0,-50.0
EUW1_7601683242,BuddhaGoesSmite#EUW,50.0,46.15384615384615,-3.8461538461538436
EUW1_7601683242,Tibbtokontop#EUW,50.0,50.0,0.0
EUW1_7601683242,WT Final Stand#EUW,50.0,25.0,-25.0
EUW1_7601683242,WT Nasty Boy#EUW,50.0,41.66666666666667,-8.333333333333332
EUW1_7601730853,Billy Bongo#EUW,50.0,0.0,-50.0
EUW1_7601730853,BuddhaGoesSmite#EUW,50.0,46.15384615384615,-3.8461538461538436
EUW1_7601730853,Tibbtokontop#EUW,50.0,50.0,0.0
EUW1_7601730853,WT Final Stand#EUW,50.0,25.0,-25.0
EUW1_7601730853,WT Nasty Boy#EUW,50.0,41.66666666666667,-8.333333333333332
EUW1_7602719574,BuddhaGoesSmite#EUW,36.36363636363637,43.3981752450622,7.034538881425833
EUW1_7602719574,Sporus#EUW,36.36363636363637,0.0,-36.36363636363637
EUW1_7602719574,Tibbtokontop#EUW,36.36363636363637,44.18683318090264,7.823196817266275
EUW1_7602719574,WT Final Stand#EUW,36.36363636363637,0.0,-36.36363636363637
EUW1_7602719574,WT Nasty Boy#EUW,36.36363636363637,0.0,-36.36363636363637
EUW1_7602790288,BuddhaGoesSmite#EUW,36.36363636363637,43.3981752450622,7.034538881425833
EUW1_7602790288,Sporus#EUW,36.36363636363637,0.0,-36.36363636363637
EUW1_7602790288,Tibbtokontop#EUW,36.36363636363637,44.18683318090264,7.823196817266275
EUW1_7602790288,WT Final Stand#EUW,36.36363636363637,0.0,-36.36363636363637
EUW1_7602790288,WT Nasty Boy#EUW,36.36363636363637,0.0,-36.36363636363637
EUW1_7603854493,Billy Bongo#EUW,61.111111111111114,0.0,-61.111111111111114
EUW1_7603854493,BuddhaGoesSmite#EUW,61.111111111111114,0.0,-61.111111111111114
EUW1_7603854493,Sporus#EUW,61.111111111111114,41.66666666666667,-19.444444444444446
EUW1_7603854493,Tibbtokontop#EUW,61.111111111111114,66.66666666666666,5.5555555555555465
EUW1_7603854493,WT Final Stand#EUW,61.111111111111114,50.0,-11.111111111111116
EUW1_7603926614,Billy Bongo#EUW,61.111111111111114,0.0,-61.111111111111114
EUW1_7603926614,BuddhaGoesSmite#EUW,61.111111111111114,0.0,-61.111111111111114
EUW1_7603926614,Sporus#EUW,61.111111111111114,41.66666666666667,-19.444444444444446
EUW1_7603926614,Tibbtokontop#EUW,61.111111111111114,66.66666666666666,5.5555555555555465
EUW1_7603926614,WT Final Stand#EUW,61.111111111111114,50.0,-11.111111111111116
EUW1_7603995523,Billy Bongo#EUW,61.111111111111114,0.0,-61.111111111111114
EUW1_7603995523,BuddhaGoesSmite#EUW,61.111111111111114,0.0,-61.111111111111114
EUW1_7603995523,Sporus#EUW,61.111111111111114,41.66666666666667,-19.444444444444446
EUW1_7603995523,Tibbtokontop#EUW,61.111111111111114,66.66666666666666,5.5555555555555465
EUW1_7603995523,WT Final Stand#EUW,61.111111111111114,50.0,-11.111111111111116
EUW1_7605096322,Billy Bongo#EUW,100.0,42.14941940192219,-57.85058059807782
EUW1_7605096322,Sporus#EUW,100.0,43.82428010333156,-56.17571989666844
EUW1_7605096322,Tibbtokontop#EUW,100.0,42.80986667512502,-57.19013332487497
EUW1_7605096322,WT GigaChad#1070,100.0,42.133718574060346,-57.86628142593966
EUW1_7605189521,Billy Bongo#EUW,100.0,42.14941940192219,-57.85058059807782
EUW1_7605189521,Sporus#EUW,100.0,43.82428010333156,-56.17571989666844
EUW1_7605189521,Tibbtokontop#EUW,100.0,42.80986667512502,-57.19013332487497
EUW1_7605189521,WT GigaChad#1070,100.0,42.133718574060346,-57.86628142593966
EUW1_7605248002,Billy Bongo#EUW,0.0,43.3981752450622,43.3981752450622
EUW1_7605248002,Sporus#EUW,0.0,46.15384615384615,46.15384615384615
EUW1_7605248002,Tibbtokontop#EUW,0.0,44.05862251826503,44.05862251826503
EUW1_7605248002,WT Final Stand#EUW,0.0,0.0,0.0
EUW1_7605248002,WT Nasty Boy#EUW,0.0,0.0,0.0
EUW1_7606425486,Sporus#EUW,0.0,43.42617519797873,43.42617519797873
EUW1_7606425486,WT Final Stand#EUW,0.0,41.99449141335377,41.99449141335377
EUW1_7606425486,WT GigaChad#1070,0.0,41.735613668707515,41.735613668707515
EUW1_7606425486,WT Nasty Boy#EUW,0.0,42.56668975834062,42.56668975834062
EUW1_7606517122,BuddhaGoesSmite#EUW,0.0,44.2292513346953,44.2292513346953
EUW1_7606517122,Sporus#EUW,0.0,28.57142857142857,28.57142857142857
EUW1_7606517122,Tibbtokontop#EUW,0.0,45.01790927053573,45.01790927053573
EUW1_7606517122,WT Final Stand#EUW,0.0,44.600638914117305,44.600638914117305
EUW1_7606517122,WT GigaChad#1070,0.0,0.0,0.0
EUW1_7606581735,BuddhaGoesSmite#EUW,36.36363636363637,43.3981752450622,7.034538881425833
EUW1_7606581735,Sporus#EUW,36.36363636363637,0.0,-36.36363636363637
EUW1_7606581735,Tibbtokontop#EUW,36.36363636363637,44.18683318090264,7.823196817266275
EUW1_7606581735,WT Final Stand#EUW,36.36363636363637,0.0,-36.36363636363637
EUW1_7606581735,WT Nasty Boy#EUW,36.36363636363637,0.0,-36.36363636363637
EUW1_7606647498,Billy Bongo#EUW,61.111111111111114,0.0,-61.111111111111114
EUW1_7606647498,BuddhaGoesSmite#EUW,61.111111111111114,0.0,-61.111111111111114
EUW1_7606647498,Sporus#EUW,61.111111111111114,41.66666666666667,-19.444444444444446
EUW1_7606647498,Tibbtokontop#EUW,61.111111111111114,66.66666666666666,5.5555555555555465
EUW1_7606647498,WT Final Stand#EUW,61.111111111111114,50.0,-11.111111111111116
